company,date,title,link,description
포스코이앤씨,2026-09-29,목동4단지 재건축에 현대건설·포스코이앤씨·IPARK현산 등 출사표 던져,https://www.theguru.co.kr/news/article.html?no=107668,"30일 현장설명회…건설사 4곳 입찰참여의향서 접수 3.3㎡당 공사비 1010만원…연내 시공사 선정 목표  서울 양천구 목동4단지 재건축을 놓고 현대건설과 포스코이앤씨, IPARK현대산업개발이 출사표를 던졌다. 29일... "
포스코이앤씨,2026-09-29,"포스코이앤씨, 리모델링 누적 수주 14조원 돌파…실적 회복 속 정비사업...",https://www.koreaittimes.com/news/articleView.html?idxno=157628,"포스코이앤씨 송도 사옥 전경. 포스코이앤씨는 주택 리모델링 누적 수주 14조원을 넘어서는 등 수도권 정비사업을 확대하고, AI·디지털 기반 스마트건설 기술을 현장에 적용하며 사업 경쟁력을 강화하고 있다. (사진... "
포스코이앤씨,2026-09-29,"포스코이앤씨 다음 '오티에르' 어디에 짓나, 송치영 첫 하이엔드 깃발 ...",https://www.businesspost.co.kr/BP?command=article_view&num=448171,송치영 포스코이앤씨 대표이사 사장이 하이엔드 브랜드 '오티에르'의 입지를 넓힐 주요 승부처에 이목이 쏠린다. 포스코이앤씨가 관심을 보인 대형 도시정비사업지인 서울 송파구 오금현대와 양천구 목동아파트... 
포스코이앤씨,2026-09-29,'고의파산' 누명 쓴 포스코이앤씨…브라질서 억울한 채무 소송전,https://www.mediapen.com/news/view/1126537,"포스코이앤씨가 브라질 자회사 파산을 둘러싼 채무 소송전에 휘말리며 억울함을 호소하고 나섰다. 현지 채권자들이 브라질 법인의 임금·세금 미납과 자산 해외 유출, 고의 파산 등을 주장하며 여론전을 펼치고... "
포스코이앤씨,2026-09-28,1900세대 규모 신축 대단지 주거 수요 품은 '서신 더샵 에피트' 단지 내...,https://www.apnews.kr/news/articleView.html?idxno=3051542,사진 = 서신 더샵 에피트 상업시설[출처=서신동감나무골주택재개발정비사업조합] 대단지 아파트 단지 내 상업시설이 풍부한 입주민 고정수요를 바탕으로 상가 시장에서 안정적인 자산으로 인식되는 추세다. 공실 위험이... 
포스코이앤씨,2026-09-28,"천안 ‘더샵 천안라크원’, 미분양 관리지역서 ‘논스톱’ 본PF",https://dealsite.co.kr/articles/169451,포스코이앤씨가 책임준공확약을 제공한다. 이번 본PF 전환 과정에서는 시행사 지분을 보유한 한국투자증권의 역할이 두드러졌다. 한국투자증권은 PF 주관사인 동시에 해당 개발사업 시행사인 더함도시개발의 주주다.... 
포스코이앤씨,2026-09-22,"국평 30억 '더샵 분당하이스트', 특공 경쟁률 2.9대1",https://www.newsis.com/view/NISX20260922_0003800307,"강세훈 기자, 이효령 인턴기자 = 포스코이앤씨가 경기도 성남시 분당구 정자동에 공급하는 '더샵 분당하이스트'가 특별공급 청약에서 평균 2.94대 1의 경쟁률(기관 추천 예비 대상자 포함)을 기록했다. 22일... "
삼성물산,2026-09-29,10조 넘긴 현대건설·7조 삼성물산…정비사업 수주잔치 속 경쟁은 ‘미...,https://www.dailian.co.kr/news/view/1695193/?sc=Naver,현대건설은 공사비 2조6135억원 규모의 목동10단지 재건축 사업 우선협상대상자로 선정돼 시공권 확보 가능성이 높은 상황이다. 삼성물산도 대형 사업장 수주를 앞두고 있다. 공사비 2조1616억원 규모 여의도... 
삼성물산,2026-09-29,"삼성물산·GE버노바·히타치·SGE, 유럽 BWRX-300 확산 손잡아…중동부 ...",https://www.cbci.co.kr/news/articleView.html?idxno=610529,"삼성물산 입장에서는 국내 건설사업을 넘어 해외 원전 EPC 시장에서 사업 범위를 넓힐 수 있는 기반이 추가된 셈이다. 향후 관건은 폴란드와 영국을 비롯한 유럽 각국의 인허가 절차와 사업자 선정, 자금조달, 실제... "
삼성물산,2026-09-29,"삼성물산, 호주 국가 전력망 접속 관문 '통과'…사우스 코리 BESS 필수 기...",https://www.theguru.co.kr/news/article.html?no=107665,확보  삼성물산이 호주에서 추진 중인 '사우스 코리 배터리 기반 에너지저장장치(BESS) 프로젝트'의... 사우스 코리 프로젝트는 송전망 운영사 트랜스그리드(Transgrid)와 접속계약을 체결한 뒤 상세 설계와 건설... 
삼성물산,2026-09-28,"[미르의 글로벌 레이더]삼성물산 vs 한전·두산, 사우디 5억달러 발전사...",https://www.mediapen.com/news/view/1126220,삼성물산이나 한전·두산에너빌리티 가운데 어느 쪽도 아직 사업을 수주한 것으로 확인되지 않았다. MEED가 확인한 것은 최소 3개 컨소시엄이 지난 8월 말 입찰서를... 
삼성물산,2026-09-28,"삼성물산, 고내진 PC 건식 접합 기술 개발…공사기간 단축 기대",http://www.smedaily.co.kr/news/articleView.html?idxno=363764,PC 보-기둥 건식접합 BIM 삼성물산 건설부문은 공장에서 제작한 콘크리트 기둥과 보를 현장에서 조립하면서도 높은 내진성능을 확보할 수 있는 'PC 특수모멘트 보-기둥 건식 접합 공법'을 개발해 한국콘크리트학회의... 
삼성물산,2026-09-28,"삼성물산, 日 엔지니어링 컨설팅 기업 OC글로벌과 MOU 체결",https://www.theguru.co.kr/news/article.html?no=107574,글로벌 인프라·도시 개발 사업 협력하기로  삼성물산이 일본 엔지니어링 컨설팅 기업인 '오리엔탈 컨설턴츠 글로벌(OG글로벌)'과 인프라 및 도시 개발 사업에 협력하기로 했다. 이를 통해 글로벌 건설 시장 공략에... 
삼성물산,2026-09-28,"삼성물산, '기둥 없는 집' 내진기술 국내 최초 인증",http://www.newswell.co.kr/news/articleView.html?idxno=22226,이번 기술은 세대 내부 기둥을 없앤 미래 주거 모델 '넥스트 홈'의 핵심 기술로 활용될 전망입니다. 삼성물산은 OSC 방식의 건설 기술을 확대하며 미래 주거 혁신을 이어갈 계획입니다.
삼성물산,2026-09-27,"삼성물산, SMR 영토 확장…미국·유럽 사업화 속도",https://www.bloter.net/news/articleView.html?idxno=674347,"초기 업무협약에 머물지 않고 기본설계와 기술 실증, 공동개발협약으로 역할을 넓히며 향후 EPC 수주를 위한 기반을 쌓는 모습이다. 삼성물산의 SMR 포트폴리오는 뉴스케일의 가압경수로, GVH의 비등경수로... "
삼성물산,2026-09-27,"[CEO와칭]이재언 삼성물산 상사 대표, '산업재·에너지·테크' 3대 성장...",http://www.metroseoul.co.kr/article/20260927500215,"삼성물산은 이 대표 취임 이전부터 미국을 중심으로 태양광 개발사업을 확대해왔다. 부지 사용권 확보와 전력 계통 연결 조사, 인허가 등을 거쳐 착공 전 발전사업권을 매각하는 그린필드 개발 방식이 중심이다.... "
삼성물산,2026-09-23,"HL로보틱스·삼성물산, 사람이 주차하지 않는 아파트 만든다…'파키' 래...",https://www.e-science.co.kr/news/articleView.html?idxno=136061,김윤기 HL로보틱스 대표는 이번 협력을 주차로봇이 공동주택 시장으로 확산되는 계기로 보고 있다. 주차로봇의 완성도를 높여 스마트 주거 서비스로 사업 영역을 확대한다는 구상이다. 조혜정 삼성물산 DxP본부장... 
삼성E&A,2026-09-27,"남궁홍은 왜 '기술' 사들이나…삼성E&A, EPC 수주 공식 바꾼다",https://www.apnews.kr/news/articleView.html?idxno=3051534,©AP신문(AP뉴스)/이미지 제공 = 삼성E&A ▲삼성E&A 남궁홍 대표이사 사장이 2025년 6월 서울 강동구 상일동 GEC(글로벌엔지니어링센터)에서 열린 '삼성E&A 테크 포럼'에 참석해 개회사를 하고 있다. 남궁홍 삼성E&A(028050)... 
삼성E&A,2026-09-26,삼성 반도체 투자 확대에 해외 EPC까지…삼성E&A 실적 날개 단다,https://www.pinpointnews.co.kr/news/articleView.html?idxno=490382,삼성E&A가 그룹사의 반도체 투자 확대와 해외 플랜트 수주를 발판으로 올해와 내년 매출과 영업이익 모두 두 자릿수 성장세를 이어갈 것으로 전망됐다. 유안타증권은 최근 보고서에서  삼성E&A에 대해 반도체 관련... 
롯데건설,2026-09-28,"롯데건설, 자율주행 로봇으로 건설현장 자동화 확대…스마트건설 기술...",https://www.koreaittimes.com/news/articleView.html?idxno=157556,롯데건설이 건설현장에서 4족 보행 로봇 '스팟(SPOT)'을 활용해 현장 데이터 수집 및 스마트건설 기술을 실증하는 모습. 롯데건설은 자율주행 로봇을 활용한 자재운반 자동화로 로봇 기술의 적용 범위를 확대하고 있다.... 
롯데건설,2026-09-28,"롯데건설, 재무지표 개선 속 지방 사업장 리스크 관리 시험대",https://theviewers.co.kr/View.aspx?No=4242762,뷰어스 서효림·오아름 기­자 ar0707@viewers.co.kr 프로젝트파이낸싱(PF) 우발채무를 줄이고 수익성을 회복해온 롯데건설이 부산 지역 사업장에서 수주 및 자금 회수 관련 변수를 맞이했다. 일부 사업장의 자금 부담이... 
롯데건설,2026-09-27,"롯데건설, 한 달 새 부산서만 2000억 원 손실 우려",https://www.busan.com/view/busan/view.php?code=2026092718265269813,"롯데건설이 최근 부산 한 사업장에서 대규모 준공후(악성) 미분양이 발생해 공사비 1300억 원가량을 못 받을 위기에 처한 가운데 엎친 데 덮친 격으로, 또 다른 사업장에서 600억 원 대위변제를 하며 한 달 새 부산에서만... "
롯데건설,2026-09-22,"롯데건설, PF 부담 낮추자 다시 '수주 앞으로'…목동 재건축 승부수",https://www.koreaittimes.com/news/articleView.html?idxno=157445,서울 양천구 목동에 마련된 롯데건설의 '르엘 라운지 L'est' 내부 미디어아트월. 롯데건설은 목동 재건축 시장을 겨냥해 하이엔드 주거 브랜드 '르엘'을 앞세운 수주 활동을 확대하고 있다. / 사진=롯데건설 한동안... 
대우건설,2026-09-29,"의정부 가능4구역 재개발, 유력 시공자에 대우건설",https://www.arunews.com/news/articleView.html?idxno=67604,입찰 절차에 꾸준히 참여하면서 시공권에 상당한 관심을 보이고 있는 대우건설이 유력하다. 가능4구역 재개발조합(조합장 서용엄)은 지난 28일 시공자 수의계약을 위한 우선협상대상자 선정 입찰을 마감했다. 그 결과... 
대우건설,2026-09-29,"대우건설 컨소시엄, 용인반도체 국가산단 1공구 낙찰자 선정",https://www.kgnews.co.kr/news/article.html?no=913258,용인 반도체 국가산단 부지의 44% 규모 경쟁 입찰통해 사업계획서 평가 1위에 선정 대우건설은 한국토지주택공사(LH)가 발주한 ‘용인 첨단시스템반도체 클러스터 국가산업단지 조성공사 1공구’의 낙찰자로 선정됐다고... 
대우건설,2026-09-29,아파트 하자판정 대우건설 최다…비율은 SK에코플랜트 가장 높아,https://www.socialvalue.kr/news/view/1065603030807992,"대우건설이 하자심사 접수 건수 1060건으로 가장 많았고, 하자 판정 건수도 87건으로 조사 대상 건설사 중 가장 많았다. 하자 판정 건수 비율은  SK에코플랜트가 31.1%로 가장 높았다. 29일 국회 국토교통위원회... "
대우건설,2026-09-29,"대우건설, 내달 이강석 대표 체제 출범…후속 인사·조직개편에 쏠린 눈",https://www.newsway.co.kr/news/view?ud=2026092910300911670,대우건설이 다음 달 이강석 대표 체제로 공식 전환하면서 후속 임원인사와 조직개편 폭에 시선이 쏠리고 있다. 김보현 전 대표가 물러난 뒤 약 두 달간 이어진 대표 직무대행 체제를 마무리하고 정식 대표가 출범하는 만큼... 
대우건설,2026-09-28,"대우건설 역대 최대 도시정비 수주 눈앞, 이강석 경쟁입찰 다음 수 어떻...",https://www.businesspost.co.kr/BP?command=article_view&num=448066,대우건설이 올해 도시정비 역대 최대 신규 수주 실적 경신을 눈앞에 두고 이강석 대표 체제에 본격적으로 돌입한다. 대우건설은 올해 3개월 남은 가운데 재개발·재건축 시장에서 수의계약만으로 역대 최대였던 2022년... 
대우건설,2026-09-28,"이강석 대우건설 대표, '토목 가뭄' 뚫었다...하반기도 공공사업 집중",https://www.insightkorea.co.kr/news/articleView.html?idxno=255395,이강석 대우건설 대표가 대형 공공사업을 앞세워 줄어든 토목 일감 보강에 나서고 있다. 올해 상반기 대우건설의 토목 신규수주는 전년 동기 대비 60% 넘게 감소했다. 수주잔고도 줄었다. 다만 최근 용인... 
대우건설,2026-09-26,"유안타증권 ""이번엔 다르다""…대우건설, 주택·해외수주 동시 회복 전망",https://www.pinpointnews.co.kr/news/articleView.html?idxno=490381,대우건설이 주택·건축 부문의 수익성 회복과 해외 플랜트 수주 확대를 바탕으로 실적 성장의 기반을 다질 것으로 전망됐다. 유안타증권은 최근 보고서에서 대우건설에 대해 주택·건축 사업의 수익성이 개선되는 가운데... 
대우건설,2026-09-23,[건설업계동향] 현대건설 감천2구역 8828억 계약…대우건설 목동8단지 재...,https://sateconomy.co.kr/news/view/1065584319510719,"현대건설, 2019년 시공사 선정 후 공사계약 체결 대우건설 목동8단지 1차 입찰 단독 참여로 유찰 조합 11월16일 마감 재입찰 공고 ▲ 부산 감천2구역 재개발 조감도 [현대건설] 현대건설과 대우건설의 정비사업이 각각... "
대우건설,2026-09-23,"대우건설·삼성물산·GS건설, 베트남 닌투언 2호기 지분 쟁탈전",http://www.srtimes.kr/news/articleView.html?idxno=213270,"대우건설과 삼성물산 건설부문, GS건설이 닌투언 2호기 시공 지분을 둘러싸고 저마다의 셈법을 가동 중이다. 베트남 국회의 투자정책 확정과 기존 일본과의 원전 협정 만료가 교차하는 올해 11월 전후가 수주전의... "
대우건설,2026-09-23,"대우건설, 국내 최대 22MW급 부유식 해상풍력 부유체 국제 인증 2종 동시...",https://www.job-post.co.kr/news/articleView.html?idxno=228938,"대우건설 관계자는 ""굴업도 고정식 해상풍력(250MW) 사업에 이어 국내 최대 규모의 부유식 모델까지 세계적 권위의 양대 선급으로부터 동시에 기술력을 인정받았다""라며 ""신재생에너지 분야 원천 기술 경쟁력을 강화해... "
SK에코플랜트,2026-09-28,[2026 국감 레이더⑦] 현대건설·SK에코플랜트 '긴장'…30일 증인 명단 ...,https://www.newsworker.co.kr/news/articleView.html?idxno=506132,"정부의 주택공급 정책이 국회 국토교통위원회의 주요 의제로 부상하면서 건설사 CEO 무더기 소환 가능성은 낮아졌지만, 부실시공과 안전사고 등 개별 현안이 불거진 현대건설과 SK에코플랜트는 여전히 국감 소환 대상... "
SK에코플랜트,2026-09-25,SK에코플랜트 참여 소트라 고속국도 또 지연…2027년 개통 불투명,https://www.g-enews.com/view.php?ud=20260923134018297214b1077807_1,SK에코플랜트가 참여 중인 노르웨이 대형 도로사업 ‘555번 소트라 고속국도(Sotrasambandet)’의 개통 일정이 다시 미뤄졌다. 당초 2027년 6월 개통을 목표로 했지만 한 차례 연기된 데 이어 2027년 4분기 개통도 어려울... 
SK에코플랜트,2026-09-23,"SK에코플랜트, 솔루션 부문 적자전환…손실 선제 반영 영향",https://www.ceoscoredaily.com/page/view/2026092215460912906,SK에코플랜트가 올해 2분기 별도기준 영업손실을 기록하며 적자전환했다. 이는 미래의 손실을... 밸류체인 포트폴리오를 바탕으로 AI인프라 사업 수주 및 실적 확대를 이어갈 것”이라고 말했다. [CEO스코어데일리 / / ]
SK에코플랜트,2026-09-22,"송도SK뷰 붕괴 파장… 시공사는 지원 끊고, 관청은 빗장 걸었다",http://www.inews24.com/view/2008051,"인천 송도국제도시의 1,114세대 규모 대단지 아파트인 ‘송도 럭스오션SK뷰’에서 발생한 테라스 구조물 붕괴 사고를 둘러싸고, 시공사인 SK에코플랜트의 무책임한 태도와 인허가 관청인 인천경제자유구역청의 ‘자료... "
SK에코플랜트,2026-09-22,"10대 건설사, 최근 5년간 하자 4983건 접수..SK에코플랜트 판정률 최고",http://www.breaknews.com/1238416,"이어 HDC현대산업개발 738건, 롯데건설 732건, 대우건설 725건, 포스코이앤씨 633건, GS건설 495건, 현대엔지니어링 288건, DL이앤씨 190건, SK에코플랜트 105건, 삼성물산 37건... "
SK에코플랜트,2026-09-22,"SK에코플랜트, 반도체·AI 신입 68명 집중교육…용인 현장 방문",https://www.newsis.com/view/NISX20260922_0003800836,SK에코플랜트가 반도체와 인공지능(AI) 인프라 사업에 투입할 신입 구성원 68명을 대상으로 실무 중심 교육을 진행했다. SK에코플랜트는 지난 7일부터 22일까지 총 12일간 '하이테크 주니어 탤런트 온보딩 프로그램'을... 
GS건설,2026-09-28,"[도시정비시장 풍향계] GS건설, 독산2구역 시공권 노리나…1차 현설 단독...",https://www.dnews.co.kr/uhtml/view.jsp?idxno=202609281606339280608,첫 현장설명회(현설)에는 GS건설이 단독으로 참석했다. 28일 도시정비업계에 따르면 독산2구역 재개발 정비사업 조합은 지난 24일 시공사 선정을 위한 1차 현설을 개최했다. 이날 현설에는 GS건설만 자리했다.... 
GS건설,2026-09-28,"[현장] ""관리소 책임"" vs ""정비사업위 지시""... 목동9단지서 GS건설 현수...",https://www.meconomynews.com/news/articleView.html?idxno=202028,서울 양천구 목동신시가지9단지(이하 목동9단지)에서 GS건설의 추석 인사 현수막이 철거돼 조합원들 사이에서 논란이 일고 있다. 같은 시기 목동9단지에서 수주 활동을 벌이고 있는 삼성물산의 현수막은 그대로 게시되자... 
GS건설,2026-09-22,"이익증가·데이터센터·원전 삼박자…""건설 차선호주 GS건설"" [클릭 e종...",https://view.asiae.co.kr/article/2026092116535292467,"한국전력은 한국수력원자력 등과 함께 베트남 닌투언 2 원전 수주를 추진 중이며, 올해 말에서 내년 초 사이 '팀코리아' 시공사를 선정할 것으로 예상된다. GS건설은 주관사가 아닌 참여 시공사(비주간사)로 지원해... "
GS건설,2026-09-22,[건설사동향] 대보건설 4년째 수주 1조·GS건설 영업정지 취소…반도건...,https://sateconomy.co.kr/news/view/1065585916597425,대보건설 9월 토목 5200억…누적 수주 1조1200억 GS건설 서울시 1개월 처분 취소 확정…별도 제재 소송은 진행 반도건설 전국 현장 ‘무재해 100일’…협력사 안전관리 강화 건설업계에서 수주 확대와 법적 불확실성 해소... 
GS건설,2026-09-22,[건설레이더] SK에코플랜트·금호건설·대우건설·GS건설·IPARK현대산업...,http://www.finomy.com/news/articleView.html?idxno=262221,"◆ GS건설, 건설로봇 '사전검증센터(PoC 센터)' 구축 건설현장에 피지컬 AI를 적용하기 위한 사전 검증 무대가 마련됐다. GS건설이 경기 용인 기술연구소 내 공간을 리모델링해 새로운 로봇 기술을 실제 현장에 투입하기... "
GS건설,2026-09-22,"혁신에 '진심' GS건설, '디지털 실험'으로 경쟁력 높인다",https://www.mediapen.com/news/view/1125254,"GS건설이 전방위 혁신에 드라이브를 걸고 있다. 지난해 AI·디지털 전환(DX)을 핵심 경영 과제로 내건 뒤... 분양 분야에도 디지털 기술을 입혔다. 공급계약부터 옵션계약, 명의변경, 잔금 정산, 입주까지 주요 분양계약 전... "
GS건설,2026-09-22,현장 투입 전 로봇 먼저 시험…GS건설 'PoC 센터' 구축,https://www.wolyo.co.kr/news/articleView.html?idxno=318146,"해외 기업과 기술 교류와 기술 발굴 및 투자 연계 등 협력도 추진하고 있다. GS건설 관계자는 ""단순히 로봇을 현장에 가져오는 것보다 현장의 니즈에 맞는 기술을 발굴하고 충분히 검증한 뒤 기존 건설 프로세스에... "
DL이앤씨,2026-09-29,목동 이어 성수 정비사업 확보 눈앞…'슬로우 스타터' DL이앤씨 수주 고...,https://www.asiatoday.co.kr/kn/view.php?key=20260929010010172,"아시아투데이 전원준 기자 = DL이앤씨가 올해 중순부터 서울 주요 재건축·재개발 사업장에서 잇따라 일감을 확보하며 도시정비사업 수주에 속도를 내고 있다. 하반기를 앞둔 시점까지 수주 실적이 전무했지만, 대형... "
DL이앤씨,2026-09-29,"DL이앤씨, 중소기업과 기술 개발 확대…현장 적용 넘어 판매까지",https://www.donga.com/news/Economy/article/all/20260929/134752808/1,"DL이앤씨가 중소·전문기업과 공동 연구개발(R&D)을 확대하며 건설 현장에 적용할 기술 확보와 상품화에 나서고 있다. DL이앤씨는 외부 기업과 공동 R&D, 성능 검증, 특허·인증, 현장 적용, 상품화로 이어지는 기술협력을... "
DL이앤씨,2026-09-29,"DL이앤씨, 2조원대 성수2지구 재개발 우선협상대상자 선정",https://view.asiae.co.kr/article/2026092918224508297,DL이앤씨가 성수전략정비구역 제2지구(성수2지구) 재개발사업 우선협상대상자로 선정됐다고 29일 공시했다. 성수2지구는 성수동2가1동 506번지 일대 13만1980㎡ 부지에 최고 65층 높이의 2359가구를 건립하는 사업이다.... 
DL이앤씨,2026-09-29,"美 군사기지 원전 훈풍···DL이앤씨, 신사업 가치 판도 바꿀까",https://www.newsfreezone.co.kr/news/articleView.html?idxno=711384,"국내 주택 경기 침체가 장기화되는 가운데, 해외 차세대 에너지 분야에 적극 투자해 온 DL이앤씨의 포트폴리오가 기술 파트너사를 통해 글로벌 전환기를 맞이하고 있다. 지난 18일(현지시각) 미국 육군... "
DL이앤씨,2026-09-26,"DL이앤씨, 데이터센터 2조·플랜트 2.5조 수주 기대… 실적 반전 오나",https://www.pinpointnews.co.kr/news/articleView.html?idxno=490380,"DL이앤씨가 주택 사업의 호조에 이어 데이터센터와 소형모듈원전(SMR), 플랜트 등으로 수주 영역을 넓히면서 실적 개선세를 이어갈 것으로 전망됐다. 유안타증권은 최근 보고서에서 DL이앤씨에 대해 플랜트 수주 감소로... "
DL이앤씨,2026-09-26,"[Biz&Law] DL이앤씨, 브루나이 템부롱대교 사고 배상책임…손해액 확정",http://www.the-biz.co.kr/news/articleView.html?idxno=728391,DL이앤씨가 메인 시공사로 참여한 브루나이 교량 건설 현장에서 사고로 영구 장애를 입은 근로자에게 손해배상금을 물게 됐다. 이에 따라 DL이앤씨는 사고가 자사 프로젝트 현장에서 발생했다는 점을 부인하던 배상... 
DL이앤씨,2026-09-22,"DL이앤씨 파트너 '테레스트리얼', 美육군과 원전 발전시스템 공급 계약",https://www.theguru.co.kr/news/article.html?no=107412,이 회사는 지난 2022년 DL이앤씨와도 IMSR 열병합 발전소 개발과 구축에 협력하는 업무협약을 맺은 바 있다. IMSR은 SMR의 한 종류이자 '4세대 원자로'로 불리는 혁신 기술이다. 핵연료가 냉각재에 녹아 있는 형태여서... 
